Name,Date Created,Status
1. Understanding the Problem,"May 17, 2023 1:17 AM",Task01
Task 01,"May 17, 2023 12:40 AM",Task01
2. Identify the data sources,"May 17, 2023 1:17 AM",Task01
3. Brainstorming and ideation,"May 17, 2023 1:18 AM",Task01
Emission Calculations,"May 20, 2023 10:13 AM",Task01
5. Define MVP,"May 17, 2023 1:18 AM",Task01
6. Roadmap,"May 17, 2023 7:45 PM",Task01
,"May 18, 2023 11:28 AM",
Questions- team9,"May 17, 2023 9:09 PM",Task02
7. Defining key performance indicators (KPIs) and metrics for the analytics solution,"May 17, 2023 1:19 AM",Task01
Task 04,"May 17, 2023 1:13 AM",Task04
4. Exploring data preprocessing——etc,"May 17, 2023 1:18 AM",Task02
,"June 10, 2023 3:32 PM",Task04
,"May 26, 2023 12:53 AM",
Task 02,"May 17, 2023 1:13 AM",Task02
Task 03,"May 17, 2023 1:13 AM",Task03
Traditional,"June 12, 2023 11:19 PM",Task04
Task 05,"May 17, 2023 1:17 AM",Task05
pitch deck,"June 11, 2023 9:38 PM",Task05
,"June 17, 2023 9:41 PM",Task05
,"June 17, 2023 9:41 PM",Task05
Important resources,"May 30, 2023 9:50 AM",Task03
References,"May 24, 2023 4:36 PM",Task03
,"May 17, 2023 12:40 AM",